keyword,intent,est_volume,difficulty,notes
esim coverage france,informational,400,40,travel esim
esim android turkey,how-to,320,50,travel esim
esim coverage kenya,transactional,400,30,travel esim
hotspot esim mexico,informational,120,35,travel esim
hotspot esim usa,how-to,180,25,travel esim
esim not working south africa,transactional,180,35,travel esim
esim activation new zealand,informational,120,25,travel esim
esim unlimited data uk,how-to,90,30,travel esim
esim qr code uae,transactional,400,45,travel esim
best esim argentina,informational,260,35,travel esim
esim qr code brazil,how-to,700,40,travel esim
esim prepaid india,transactional,120,25,travel esim
esim plans india,informational,260,55,travel esim
hotspot esim south africa,how-to,220,40,travel esim
dual sim esim turkey,transactional,400,40,travel esim
dual sim esim south africa,informational,520,60,travel esim
esim fair use canada,how-to,320,40,travel esim
local esim kenya,transactional,140,35,travel esim
esim qr code south korea,informational,520,45,travel esim
esim 5g kenya,how-to,320,25,travel esim
esim plans peru,transactional,180,60,travel esim
three uk esim review,informational,140,60,travel esim
regional esim portugal,how-to,180,35,travel esim
local esim chile,transactional,90,50,travel esim
esim not working argentina,informational,260,55,travel esim
esim compatible phones uk,how-to,400,40,travel esim
esim iphone canada,transactional,220,25,travel esim
dual sim esim new zealand,informational,220,40,travel esim
airport esim canada,how-to,320,60,travel esim
esim not working greece,transactional,180,40,travel esim
regional esim india,informational,520,25,travel esim
esim iphone malaysia,how-to,400,30,travel esim
esim compatible phones thailand,transactional,140,40,travel esim
esim travel south korea,informational,520,60,travel esim
airport esim spain,how-to,220,25,travel esim
airport esim australia,transactional,140,60,travel esim
esim apn usa,informational,220,55,travel esim
esim compatible phones turkey,how-to,260,25,travel esim
dt esim apn,transactional,180,55,travel esim
esim android france,informational,520,60,travel esim
how to install esim brazil,how-to,90,55,travel esim
esim roaming saudi,transactional,120,60,travel esim
esim compatible phones france,informational,520,40,travel esim
esim 5g france,how-to,90,35,travel esim
esim iphone australia,transactional,180,60,travel esim
esim android portugal,informational,400,30,travel esim
esim plans argentina,how-to,400,60,travel esim
esim qr code vietnam,transactional,120,40,travel esim
esim fair use south africa,informational,400,50,travel esim
esim fair use new zealand,how-to,180,50,travel esim
how to install esim chile,transactional,120,50,travel esim
esim activation vietnam,informational,320,60,travel esim
esim not working singapore,how-to,320,55,travel esim
truphone esim review,transactional,120,60,travel esim
how to install esim south africa,informational,220,25,travel esim
dual sim esim kenya,how-to,140,30,travel esim
how to install esim saudi,transactional,260,40,travel esim
mvno esim uk,informational,90,55,travel esim
best esim south korea,how-to,220,30,travel esim
esim speed malaysia,transactional,700,30,travel esim
hotspot esim argentina,informational,120,55,travel esim
esim speed portugal,how-to,140,50,travel esim
esim coverage south korea,transactional,90,35,travel esim
esim activation usa,informational,140,50,travel esim
esim iphone japan,how-to,180,60,travel esim
dual sim esim italy,transactional,320,55,travel esim
local esim india,informational,520,40,travel esim
hotspot esim portugal,how-to,700,50,travel esim
esim plans vietnam,transactional,180,25,travel esim
airport esim france,informational,700,40,travel esim
esim speed australia,how-to,260,60,travel esim
dual sim esim argentina,transactional,520,55,travel esim
esim prepaid japan,informational,90,35,travel esim
regional esim vietnam,how-to,180,60,travel esim
esim prepaid uk,transactional,220,60,travel esim
esim android saudi,informational,320,30,travel esim
verizon esim review,how-to,220,55,travel esim
esim plans south korea,transactional,180,60,travel esim
esim unlimited data chile,informational,220,55,travel esim
esim travel kenya,how-to,90,50,travel esim
hotspot esim chile,transactional,320,25,travel esim
esim 5g saudi,informational,140,30,travel esim
esim plans france,how-to,400,30,travel esim
esim compatible phones brazil,transactional,520,55,travel esim
airport esim japan,informational,180,50,travel esim
mvno esim canada,how-to,260,30,travel esim
hotspot esim uk,transactional,90,25,travel esim
esim prepaid new zealand,informational,120,35,travel esim
esim not working japan,how-to,90,40,travel esim
how to install esim spain,transactional,220,50,travel esim
esim travel portugal,informational,260,45,travel esim
esim fair use uk,how-to,520,30,travel esim
esim plans thailand,transactional,400,40,travel esim
esim apn argentina,informational,140,50,travel esim
esim iphone germany,how-to,700,35,travel esim
esim compatible phones australia,transactional,700,35,travel esim
esim iphone spain,informational,400,35,travel esim
esim not working chile,how-to,400,60,travel esim
hotspot esim canada,transactional,520,60,travel esim
esim coverage japan,informational,90,30,travel esim
dual sim esim usa,how-to,400,35,travel esim
regional esim thailand,transactional,120,55,travel esim
esim not working saudi,informational,180,40,travel esim
dual sim esim netherlands,how-to,400,60,travel esim
mvno esim germany,transactional,140,25,travel esim
esim roaming uae,informational,180,30,travel esim
how to install esim thailand,how-to,180,50,travel esim
esim travel uae,transactional,320,35,travel esim
esim android australia,informational,90,30,travel esim
best esim peru,how-to,700,50,travel esim
esim travel india,transactional,520,30,travel esim
global esim thailand,informational,220,40,travel esim
esim 5g south africa,how-to,320,40,travel esim
esim prepaid south africa,transactional,180,45,travel esim
flexiroam esim review,informational,220,60,travel esim
esim roaming uk,how-to,140,30,travel esim
esim apn south africa,transactional,320,40,travel esim
mvno esim malaysia,informational,180,50,travel esim
best esim india,how-to,700,55,travel esim
local esim peru,transactional,180,40,travel esim
esim coverage germany,informational,180,40,travel esim
dual sim esim saudi,how-to,220,30,travel esim
esim plans italy,transactional,700,45,travel esim
esim speed kenya,informational,520,60,travel esim
esim unlimited data singapore,how-to,120,45,travel esim
esim not working peru,transactional,700,55,travel esim
hotspot esim greece,informational,180,25,travel esim
dual sim esim mexico,how-to,260,25,travel esim
esim roaming new zealand,transactional,520,45,travel esim
dual sim esim singapore,informational,700,35,travel esim
